name,url,price,description,reviews
No7 The Ultimate Skincare Collection Gift Set,https://www.boots.com/no7-the-ultimate-skincare-collection-gift-set-10364646,£39,Star Gift - Only £39 using code ULTIMATESAVE on No7 The Ultimate Skincare Collection Gift Set - online only,0
Boots X Drunk Elephant Beauty Icons Gift Set,https://www.boots.com/boots-x-drunk-elephant-beauty-icons-gift-set-10372376,£35,"Only £35, worth £69 on the Drunk Elephant Beauty Icons Gift Set - online only, whilst stocks last Save £34.00 Worth £69.00",1
Clinique Beauty Icons Star Gift,https://www.boots.com/clinique-beauty-icons-star-gift-10369863,£121,"Star Gift - Better than 1/2 price, Worth £121, Only £44.50 - Limited edition, whilst stocks last Save £76.50 Worth £121.00",0
Cerave Get Your Glow On Gift Set,https://www.boots.com/cerave-get-your-glow-on-gift-set-10374474,£59,"Worth £59, only £29.50",0
DIOR Capture Anti-Aging Gift Set - Limited Edition,https://www.boots.com/dior-capture-anti-aging-gift-set-limited-edition--10368981,£109.00,N/A,18
24 Days Of Skincare Advent Calendar,https://www.boots.com/24-days-of-skincare-advent-calendar-10372392,£70,"Yours for £70, worth £289 on the 24 Day Skincare Advent Calendar - online only, whilst stocks last Save £219.00 Worth £289.00",26
The Ordinary The Clear Set,https://www.boots.com/the-ordinary-the-clear-set-10335052,£14.10,N/A,129
The Ordinary The Most Loved Set - Limited Edition Gift Set Star Gift,https://www.boots.com/the-ordinary-the-most-loved-set-limited-edition-10369704,£29.00,Star Gift - Use code STARGIFT10 to save 10 percent on selected premium beauty Star Gifts - online only Save £29.70 Worth £58.70,2
DIOR The Beauty Care Ritual Gift Set - Limited Edition,https://www.boots.com/dior-the-beauty-care-ritual-gift-set-limited-edition-10368982,£87.00,N/A,10
Estée Lauder Skincare Superstars Beauty Of The Night Gift Set,https://www.boots.com/estee-lauder-black-friday-2025-set-10369921,£149,Worth £149 Save £50.00,1
Boots X K Beauty Beauty Icons Gift Set,https://www.boots.com/boots-x-k-beauty-beauty-icons-gift-set-10374302,£35,"Only £35, worth £78.27 on the K Beauty Icons Gift Set - online only, whilst stocks last Save £43.27 Worth £78.27",17
CeraVe Mighty Minis Gift Set,https://www.boots.com/cerave-mighty-minis-gift-set-10374473,£13.50,"Worth £13.50, only £9.99",0
The Ordinary Niacinamide 10% + Zinc 1% Oil Control Serum - 30ml,https://www.boots.com/the-ordinary-niacinamide-10-zinc-1-10267783,£50,Save 20 percent when you spend £50 or 15 percent when you spend £35 on selected Premium Beauty and No7 - online only,2823
Bubble Polar Pair Mini 2-Step Routine,https://www.boots.com/bubble-polar-pair-mini-2-step-routine-10362919,£10.00,N/A,84
BYOMA Universal Skincare Heroes Set,https://www.boots.com/byoma-universal-skincare-heroes-set-10365534,£22.00,N/A,3
Boots Berry Lip Sleep Mask 20g,https://www.boots.com/boots-berry-lip-sleeping-mask-20g-10351857,£4.50,N/A,85
The Ordinary Glycolic Acid 7% Exfoliating Toner - 100ml,https://www.boots.com/the-ordinary-glycolic-acid-7-exfoliating-solution-100ml-10335078,£50,Save 20 percent when you spend £50 or 15 percent when you spend £35 on selected Premium Beauty and No7 - online only,1069
Boots Ingredients Hyaluronic Acid Moisturiser 30ml,https://www.boots.com/boots-ingredients-hyaluronic-acid-moisturiser-30ml-10276161,£3.60,Save 10 percent on selected Boots Brand with your Advantage Card - discount applied at basket,146
Boots Traditional Glycerin and Rosewater 200ml,https://www.boots.com/boots-traditional-glycerin-and-rosewater-200ml-10130117,£2.75,Save 10 percent on selected Boots Brand with your Advantage Card - discount applied at basket,417
Boots Glossy Lip Balm Raspberry 15g,https://www.boots.com/boots-glossy-lip-balm-raspberry-15g-10359102,£3.00,N/A,9
Laneige Glowy Lip Minis,https://www.boots.com/laneige-glowy-lip-minis-10368973,£22.00,N/A,4
No7 Good Intent Ultimate Skincare Icons Gift Set,https://www.boots.com/no7-good-intent-ultimate-skincare-icons-gift-set-10366368,£60,"Get the No7 Pro Artist Showstopper Collection for £60 when you spend £35 on selected No7 - online only, whilst stocks last",1
Super Facialist Vitamin C+ Brighten Gentle Daily Micro Polish Wash 125ml,https://www.boots.com/superfacialist-vitamin-c-gentle-daily-micro-polish-wash-125ml-10160292,£6.67,Save 1/3 on selected Super Facialist Save £3.33,66
Super Facialist Salicylic Acid Purifying Cleansing Wash 150ml,https://www.boots.com/super-facialist-salicylic-acid-purifying-cleansing-wash-150ml-10145894,N/A,N/A,0
